{
  "metrics/precision(B)": 0.8426129165128291,
  "metrics/recall(B)": 0.7649667980138898,
  "metrics/mAP50(B)": 0.896852196408231,
  "metrics/mAP50-95(B)": 0.5015283875025335,
  "fitness": 0.5410607683931032,
  "map": 0.5015283875025335,
  "map50": 0.896852196408231
}